ID,Eintrags_ID,Klasse,Name,Vorname,Rufname,Geburtstag,Geburtsort,Geburtsland,Geschlecht,Religion,RU,Land,Land2,Strasse,HausNr,PLZ,Ort,Teilort,Muttersprache,Schuleintrittam,Erz1Name,Erz1Vorname,Erz1Geschlecht,Erz1Strasse,Erz1HausNr,Erz1PLZ,Erz1Ort,Erz1Teilort,Erz1Telefon1,Erz1Telefon2,Erz1Handy,Erz1Email,Erz2Name,Erz2Vorname,Erz2Geschlecht,Erz2Strasse,Erz2HausNr,Erz2PLZ,Erz2Ort,Erz2Teilort,Erz2Telefon1,Erz2Telefon2,Erz2Handy,Erz2Email,Profil1,Profil1von,Profil1bis,AbgebendeSchule,SonstigeSchule,Sprachwahl,Fremdsprache1,Fremdsprache2,Foto_Einw,Geschwister,Klassenpartner,vorhKlasse,erz2sorgerecht,erz2auskunftsrecht,reinw,schwimmen,impfung
1000,50000,5,Meyer,Leon,Leon,01.01.2015,Beispielstadt,D,m,rk,RK,D,,Musterstraße,1,77654,Beispielstadt,,deutsch,2022,Meyer,Elternteil A,w,Musterstraße,1,77654,Beispielstadt,,00000 000000,,0000 0000000,familie000@example.invalid,Meyer,Elternteil B,m,Musterstraße,1,77654,Beispielstadt,,,,0000 0000000,familie000.b@example.invalid,5y,,,GS-00,,E,E,L,Ja,,"Mia Hofmann, Lena Meier",4a,Ja,Ja,Nein,Ja,Nein
1001,50001,5,Hofmann,Mia,,02.02.2016,Beispielstadt,D,w,ev,EV,D,,Musterstraße,2,77654,Beispielstadt,,deutsch,2022,Hofmann,Elternteil A,w,Musterstraße,2,77654,Beispielstadt,,00000 000000,,0000 0000000,familie001@example.invalid,Hofmann,Elternteil B,m,Musterstraße,2,77654,Beispielstadt,,,,0000 0000000,familie001.b@example.invalid,5z,,,GS-01,,E,E,F,Nein,,"Paul Kaiser, Elias Schulze",4b,Ja,Ja,Ja,Ja,Ja
1002,50002,5,Kaiser,Paul,,03.03.2015,Beispielstadt,D,m,,KEIN,D,,Musterstraße,3,77654,Beispielstadt,,deutsch,2022,Kaiser,Elternteil A,w,Musterstraße,3,77654,Beispielstadt,,00000 000000,,0000 0000000,familie002@example.invalid,Kaiser,Elternteil B,m,Musterstraße,3,77654,Beispielstadt,,,,0000 0000000,familie002.b@example.invalid,5z,,,GS-02,,E,E,F,Ja,,"Emma Schulz, Sophie Herrmann",4c,Ja,Ja,Ja,Ja,Ja
1003,50003,5,Schulz,Emma,,04.04.2016,Beispielstadt,D,w,rk,RK,D,,Musterstraße,4,77654,Beispielstadt,,deutsch,2022,Schulz,Elternteil A,w,Musterstraße,4,77654,Beispielstadt,,00000 000000,,0000 0000000,familie003@example.invalid,Schulz,Elternteil B,m,Musterstraße,4,77654,Beispielstadt,,,,0000 0000000,familie003.b@example.invalid,5x,,,GS-03,,E,E,L,Nein,,,4d,Ja,Ja,Ja,Ja,Nein
1004,50004,5,Schmitt,Finn,Finn,05.05.2015,Beispielstadt,D,m,ev,EV,D,,Musterstraße,5,77654,Beispielstadt,,deutsch,2022,Schmitt,Elternteil A,w,Musterstraße,5,77654,Beispielstadt,,00000 000000,,0000 0000000,familie004@example.invalid,Schmitt,Elternteil B,m,Musterstraße,5,77654,Beispielstadt,,,,0000 0000000,familie004.b@example.invalid,5z,,,GS-04,,E,E,F,Ja,,"Hanna Lang, Laura Fuchs",4a,Ja,Ja,Ja,Ja,Ja
1005,50005,5,Lang,Hanna,,06.06.2016,Beispielstadt,D,w,,KEIN,D,,Musterstraße,6,77654,Beispielstadt,,deutsch,2022,Lang,Elternteil A,w,Musterstraße,6,77654,Beispielstadt,,00000 000000,,0000 0000000,familie005@example.invalid,Lang,Elternteil B,m,Musterstraße,6,77654,Beispielstadt,,,,0000 0000000,familie005.b@example.invalid,5z,,,GS-05,,E,E,F,Nein,,"Lucaa Koch, Niklas Scholz",4b,Ja,Ja,Nein,Ja,Ja
1006,50006,5,Koch,Luca,,07.07.2015,Beispielstadt,D,m,rk,RK,D,,Musterstraße,7,77654,Beispielstadt,,deutsch,2022,Koch,Elternteil A,w,Musterstraße,7,77654,Beispielstadt,,00000 000000,,0000 0000000,familie006@example.invalid,Koch,Elternteil B,m,Musterstraße,7,77654,Beispielstadt,,,,0000 0000000,familie006.b@example.invalid,5z,,,GS-00,,E,E,L,Ja,,"Lena Meier, Nele Jung",4c,Ja,Ja,Ja,Ja,Nein
1007,50007,5,Meier,Lena,,08.08.2016,Beispielstadt,D,w,ev,EV,D,,Musterstraße,8,77654,Beispielstadt,,deutsch,2022,Meier,Elternteil A,w,Musterstraße,8,77654,Beispielstadt,,00000 000000,,0000 0000000,familie007@example.invalid,Meier,Elternteil B,m,Musterstraße,8,77654,Beispielstadt,,,,0000 0000000,familie007.b@example.invalid,5y,,,GS-01,,E,E,F,Nein,,"Noah Weiß, David Schmidt",4d,Ja,Ja,Ja,Ja,Ja
1008,50008,5,Weiß,Noah,Noah,09.09.2015,Beispielstadt,D,m,,KEIN,D,,Musterstraße,9,77654,Beispielstadt,,deutsch,2022,Weiß,Elternteil A,w,Musterstraße,9,77654,Beispielstadt,,00000 000000,,0000 0000000,familie008@example.invalid,Weiß,Elternteil B,m,Musterstraße,9,77654,Beispielstadt,,,,0000 0000000,familie008.b@example.invalid,5z,,,GS-02,,E,E,F,Ja,,"Lea Klein, Ida Weber",4a,Ja,Ja,Ja,Ja,Ja
1009,50009,5,Klein,Lea,,10.10.2016,Beispielstadt,D,w,rk,RK,D,,Musterstraße,10,77654,Beispielstadt,,deutsch,2022,Klein,Elternteil A,w,Musterstraße,10,77654,Beispielstadt,,00000 000000,,0000 0000000,familie009@example.invalid,Klein,Elternteil B,m,Musterstraße,10,77654,Beispielstadt,,,,0000 0000000,familie009.b@example.invalid,5z,,,GS-03,,E,E,L,Nein,,"Elias Schulze, Tom Becker",4b,Ja,Ja,Ja,Ja,Nein
1010,50010,5,Schulze,Elias,,11.11.2015,Beispielstadt,D,m,ev,EV,D,,Musterstraße,11,77654,Beispielstadt,,deutsch,2022,Schulze,Elternteil A,w,Musterstraße,11,77654,Beispielstadt,,00000 000000,,0000 0000000,familie010@example.invalid,Schulze,Elternteil B,m,Musterstraße,11,77654,Beispielstadt,,,,0000 0000000,familie010.b@example.invalid,5z,,,GS-04,,E,E,F,Ja,,"Marie Müller, Pia Schäfer",4c,Ja,Ja,Nein,Ja,Ja
1011,50011,5,Müller,Marie,,12.12.2016,Beispielstadt,D,w,,KEIN,D,,Musterstraße,12,77654,Beispielstadt,,deutsch,2022,Müller,Elternteil A,w,Musterstraße,12,77654,Beispielstadt,,00000 000000,,0000 0000000,familie011@example.invalid,Müller,Elternteil B,m,Musterstraße,12,77654,Beispielstadt,,,,0000 0000000,familie011.b@example.invalid,5z,,,GS-05,,E,E,F,Nein,,"Ben Neumann, Erik Richter",4d,Ja,Ja,Ja,Ja,Ja
1012,50012,5,Neumann,Ben,Ben,13.01.2015,Beispielstadt,D,m,rk,RK,D,,Musterstraße,13,77654,Beispielstadt,,deutsch,2022,Neumann,Elternteil A,w,Musterstraße,13,77654,Beispielstadt,,00000 000000,,0000 0000000,familie012@example.invalid,Neumann,Elternteil B,m,Musterstraße,13,77654,Beispielstadt,,,,0000 0000000,familie012.b@example.invalid,5x,,,GS-00,,E,E,L,Ja,,"Sophie Herrmann, Mara Schröder",4a,Ja,Ja,Ja,Ja,Nein
1013,50013,5,Herrmann,Sophie,,14.02.2016,Beispielstadt,D,w,ev,EV,D,,Musterstraße,14,77654,Beispielstadt,,deutsch,2022,Herrmann,Elternteil A,w,Musterstraße,14,77654,Beispielstadt,,00000 000000,,0000 0000000,familie013@example.invalid,Herrmann,Elternteil B,m,Musterstraße,14,77654,Beispielstadt,,,,0000 0000000,familie013.b@example.invalid,5z,,,GS-01,,E,E,F,Nein,,,4b,Ja,Ja,Ja,Ja,Ja
1014,50014,5,Fischer,Jonas,,15.03.2015,Beispielstadt,D,m,,KEIN,D,,Musterstraße,15,77654,Beispielstadt,,deutsch,2022,Fischer,Elternteil A,w,Musterstraße,15,77654,Beispielstadt,,00000 000000,,0000 0000000,familie014@example.invalid,Fischer,Elternteil B,m,Musterstraße,15,77654,Beispielstadt,,,,0000 0000000,familie014.b@example.invalid,5y,,,GS-02,,E,E,F,Ja,,"Lina Braun, Mia Hofmann",4c,Ja,Ja,Ja,Ja,Ja
1015,50015,5,Braun,Lina,,16.04.2016,Beispielstadt,D,w,rk,RK,D,,Musterstraße,16,77654,Beispielstadt,,deutsch,2022,Braun,Elternteil A,w,Musterstraße,16,77654,Beispielstadt,,00000 000000,,0000 0000000,familie015@example.invalid,Braun,Elternteil B,m,Musterstraße,16,77654,Beispielstadt,,,,0000 0000000,familie015.b@example.invalid,5z,,,GS-03,,E,E,L,Nein,,"Felix Mayer, Finn Schmitt",4d,Ja,Ja,Nein,Ja,Nein
1016,50016,5,Mayer,Felix,Felix,17.05.2015,Beispielstadt,D,m,ev,EV,D,,Musterstraße,17,77654,Beispielstadt,,deutsch,2022,Mayer,Elternteil A,w,Musterstraße,17,77654,Beispielstadt,,00000 000000,,0000 0000000,familie016@example.invalid,Mayer,Elternteil B,m,Musterstraße,17,77654,Beispielstadt,,,,0000 0000000,familie016.b@example.invalid,5z,,,GS-04,,E,E,F,Ja,,"Clara Wagner, Lena Meier",4a,Ja,Ja,Ja,Ja,Ja
1017,50017,5,Wagner,Clara,,18.06.2016,Beispielstadt,D,w,,KEIN,D,,Musterstraße,18,77654,Beispielstadt,,deutsch,2022,Wagner,Elternteil A,w,Musterstraße,18,77654,Beispielstadt,,00000 000000,,0000 0000000,familie017@example.invalid,Wagner,Elternteil B,m,Musterstraße,18,77654,Beispielstadt,,,,0000 0000000,familie017.b@example.invalid,5z,,,GS-05,,E,E,F,Nein,,"Max Hartmann, Elias Schulze",4b,Ja,Ja,Ja,Ja,Ja
1018,50018,5,Hartmann,Max,,19.07.2015,Beispielstadt,D,m,rk,RK,D,,Musterstraße,19,77654,Beispielstadt,,deutsch,2022,Hartmann,Elternteil A,w,Musterstraße,19,77654,Beispielstadt,,00000 000000,,0000 0000000,familie018@example.invalid,Hartmann,Elternteil B,m,Musterstraße,19,77654,Beispielstadt,,,,0000 0000000,familie018.b@example.invalid,5z,,,GS-00,,E,E,L,Ja,,"Laura Fuchs, Sophie Herrmann",4c,Ja,Ja,Ja,Ja,Nein
1019,50019,5,Fuchs,Laura,,20.08.2016,Beispielstadt,D,w,ev,EV,D,,Musterstraße,20,77654,Beispielstadt,,deutsch,2022,Fuchs,Elternteil A,w,Musterstraße,20,77654,Beispielstadt,,00000 000000,,0000 0000000,familie019@example.invalid,Fuchs,Elternteil B,m,Musterstraße,20,77654,Beispielstadt,,,,0000 0000000,familie019.b@example.invalid,5z,,,GS-01,,E,E,F,Nein,,"Tim Hoffmann, Felix Mayer",4d,Ja,Ja,Ja,Ja,Ja
1020,50020,5,Hoffmann,Tim,Tim,21.09.2015,Beispielstadt,D,m,,KEIN,D,,Musterstraße,21,77654,Beispielstadt,,deutsch,2022,Hoffmann,Elternteil A,w,Musterstraße,21,77654,Beispielstadt,,00000 000000,,0000 0000000,familie020@example.invalid,Hoffmann,Elternteil B,m,Musterstraße,21,77654,Beispielstadt,,,,0000 0000000,familie020.b@example.invalid,5z,,,GS-02,,E,E,F,Ja,,"Anna Werner, Laura Fuchs",4a,Ja,Ja,Nein,Ja,Ja
1021,50021,5,Werner,Anna,,22.10.2016,Beispielstadt,D,w,rk,RK,D,,Musterstraße,22,77654,Beispielstadt,,deutsch,2022,Werner,Elternteil A,w,Musterstraße,22,77654,Beispielstadt,,00000 000000,,0000 0000000,familie021@example.invalid,Werner,Elternteil B,m,Musterstraße,22,77654,Beispielstadt,,,,0000 0000000,familie021.b@example.invalid,5y,,,GS-03,,E,E,L,Nein,,"Niklas Scholz, Niklas Scholz",4b,Ja,Ja,Ja,Ja,Nein
1022,50022,5,Scholz,Niklas,,23.11.2015,Beispielstadt,D,m,ev,EV,D,,Musterstraße,23,77654,Beispielstadt,,deutsch,2022,Scholz,Elternteil A,w,Musterstraße,23,77654,Beispielstadt,,00000 000000,,0000 0000000,familie022@example.invalid,Scholz,Elternteil B,m,Musterstraße,23,77654,Beispielstadt,,,,0000 0000000,familie022.b@example.invalid,5z,,,GS-04,,E,E,F,Ja,,"Emily Bauer, Nele Jung",4c,Ja,Ja,Ja,Ja,Ja
1023,50023,5,Bauer,Emily,,24.12.2016,Beispielstadt,D,w,,KEIN,D,,Musterstraße,24,77654,Beispielstadt,,deutsch,2022,Bauer,Elternteil A,w,Musterstraße,24,77654,Beispielstadt,,00000 000000,,0000 0000000,familie023@example.invalid,Bauer,Elternteil B,m,Musterstraße,24,77654,Beispielstadt,,,,0000 0000000,familie023.b@example.invalid,5z,,,GS-05,,E,E,F,Nein,,,4d,Ja,Ja,Ja,Ja,Ja
1024,50024,5,Lehmann,Lukas,Lukas,25.01.2015,Beispielstadt,D,m,rk,RK,D,,Musterstraße,25,77654,Beispielstadt,,deutsch,2022,Lehmann,Elternteil A,w,Musterstraße,25,77654,Beispielstadt,,00000 000000,,0000 0000000,familie024@example.invalid,Lehmann,Elternteil B,m,Musterstraße,25,77654,Beispielstadt,,,,0000 0000000,familie024.b@example.invalid,5z,,,GS-00,,E,E,L,Ja,,"Nele Jung, Ida Weber",4a,Ja,Ja,Ja,Ja,Nein
1025,50025,5,Jung,Nele,,26.02.2016,Beispielstadt,D,w,ev,EV,D,,Musterstraße,26,77654,Beispielstadt,,deutsch,2022,Jung,Elternteil A,w,Musterstraße,26,77654,Beispielstadt,,00000 000000,,0000 0000000,familie025@example.invalid,Jung,Elternteil B,m,Musterstraße,26,77654,Beispielstadt,,,,0000 0000000,familie025.b@example.invalid,5z,,,GS-01,,E,E,F,Nein,,"Jan Wolf, Tom Becker",4b,Ja,Ja,Nein,Ja,Ja
1026,50026,5,Wolf,Jan,,27.03.2015,Beispielstadt,D,m,,KEIN,D,,Musterstraße,27,77654,Beispielstadt,,deutsch,2022,Wolf,Elternteil A,w,Musterstraße,27,77654,Beispielstadt,,00000 000000,,0000 0000000,familie026@example.invalid,Wolf,Elternteil B,m,Musterstraße,27,77654,Beispielstadt,,,,0000 0000000,familie026.b@example.invalid,5z,,,GS-02,,E,E,F,Ja,,"Sarah Maier, Pia Schäfer",4c,Ja,Ja,Ja,Ja,Ja
1027,50027,5,Maier,Sarah,,28.04.2016,Beispielstadt,D,w,rk,RK,D,,Musterstraße,28,77654,Beispielstadt,,deutsch,2022,Maier,Elternteil A,w,Musterstraße,28,77654,Beispielstadt,,00000 000000,,0000 0000000,familie027@example.invalid,Maier,Elternteil B,m,Musterstraße,28,77654,Beispielstadt,,,,0000 0000000,familie027.b@example.invalid,5z,,,GS-03,,E,E,L,Nein,,"David Schmidt, Erik Richter",4d,Ja,Ja,Ja,Ja,Nein
1028,50028,5,Schmidt,David,David,01.05.2015,Beispielstadt,D,m,ev,EV,D,,Musterstraße,29,77654,Beispielstadt,,deutsch,2022,Schmidt,Elternteil A,w,Musterstraße,29,77654,Beispielstadt,,00000 000000,,0000 0000000,familie028@example.invalid,Schmidt,Elternteil B,m,Musterstraße,29,77654,Beispielstadt,,,,0000 0000000,familie028.b@example.invalid,5y,,,GS-04,,E,E,F,Ja,,"Johaanna Schwarz, Mara Schröder",4a,Ja,Ja,Ja,Ja,Ja
1029,50029,5,Schwarz,Johanna,,02.06.2016,Beispielstadt,D,w,,KEIN,D,,Musterstraße,30,77654,Beispielstadt,,deutsch,2022,Schwarz,Elternteil A,w,Musterstraße,30,77654,Beispielstadt,,00000 000000,,0000 0000000,familie029@example.invalid,Schwarz,Elternteil B,m,Musterstraße,30,77654,Beispielstadt,,,,0000 0000000,familie029.b@example.invalid,5z,,,GS-05,,E,E,F,Nein,,"Moritz König, Emil Zimmermann",4b,Ja,Ja,Ja,Ja,Ja
1030,50030,5,König,Moritz,,03.07.2015,Beispielstadt,D,m,rk,RK,D,,Musterstraße,31,77654,Beispielstadt,,deutsch,2022,König,Elternteil A,w,Musterstraße,31,77654,Beispielstadt,,00000 000000,,0000 0000000,familie030@example.invalid,König,Elternteil B,m,Musterstraße,31,77654,Beispielstadt,,,,0000 0000000,familie030.b@example.invalid,5x,,,GS-00,,E,E,L,Ja,,"Ida Weber, Mia Hofmann",4c,Ja,Ja,Nein,Ja,Nein
1031,50031,5,Weber,Ida,,04.08.2016,Beispielstadt,D,w,ev,EV,D,,Musterstraße,32,77654,Beispielstadt,,deutsch,2022,Weber,Elternteil A,w,Musterstraße,32,77654,Beispielstadt,,00000 000000,,0000 0000000,familie031@example.invalid,Weber,Elternteil B,m,Musterstraße,32,77654,Beispielstadt,,,,0000 0000000,familie031.b@example.invalid,5z,,,GS-01,,E,E,F,Nein,,"Julian Krüger, Finn Schmitt",4d,Ja,Ja,Ja,Ja,Ja
1032,50032,5,Krüger,Julian,Julian,05.09.2015,Beispielstadt,D,m,,KEIN,D,,Musterstraße,33,77654,Beispielstadt,,deutsch,2022,Krüger,Elternteil A,w,Musterstraße,33,77654,Beispielstadt,,00000 000000,,0000 0000000,familie032@example.invalid,Krüger,Elternteil B,m,Musterstraße,33,77654,Beispielstadt,,,,0000 0000000,familie032.b@example.invalid,5z,,,GS-02,,E,E,F,Ja,,"Maja Huber, Lena Meier",4a,Ja,Ja,Ja,Ja,Ja
1033,50033,5,Huber,Maja,,06.10.2016,Beispielstadt,D,w,rk,RK,D,,Musterstraße,34,77654,Beispielstadt,,deutsch,2022,Huber,Elternteil A,w,Musterstraße,34,77654,Beispielstadt,,00000 000000,,0000 0000000,familie033@example.invalid,Huber,Elternteil B,m,Musterstraße,34,77654,Beispielstadt,,,,0000 0000000,familie033.b@example.invalid,5z,,,GS-03,,E,E,L,Nein,,,4b,Ja,Ja,Ja,Ja,Nein
1034,50034,5,Becker,Tom,,07.11.2015,Beispielstadt,D,m,ev,EV,D,,Musterstraße,35,77654,Beispielstadt,,deutsch,2022,Becker,Elternteil A,w,Musterstraße,35,77654,Beispielstadt,,00000 000000,,0000 0000000,familie034@example.invalid,Becker,Elternteil B,m,Musterstraße,35,77654,Beispielstadt,,,,0000 0000000,familie034.b@example.invalid,5z,,,GS-04,,E,E,F,Ja,,"Frieda Lange, Sophie Herrmann",4c,Ja,Ja,Ja,Ja,Ja
1035,50035,5,Lange,Frieda,,08.12.2016,Beispielstadt,D,w,,KEIN,D,,Musterstraße,36,77654,Beispielstadt,,deutsch,2022,Lange,Elternteil A,w,Musterstraße,36,77654,Beispielstadt,,00000 000000,,0000 0000000,familie035@example.invalid,Lange,Elternteil B,m,Musterstraße,36,77654,Beispielstadt,,,,0000 0000000,familie035.b@example.invalid,5y,,,GS-05,,E,E,F,Nein,,"Philipp Peters, Felix Mayer",4d,Ja,Ja,Nein,Ja,Ja
1036,50036,5,Peters,Philipp,Philipp,09.01.2015,Beispielstadt,D,m,rk,RK,D,,Musterstraße,37,77654,Beispielstadt,,deutsch,2022,Peters,Elternteil A,w,Musterstraße,37,77654,Beispielstadt,,00000 000000,,0000 0000000,familie036@example.invalid,Peters,Elternteil B,m,Musterstraße,37,77654,Beispielstadt,,,,0000 0000000,familie036.b@example.invalid,5z,,,GS-00,,E,E,L,Ja,,"Pia Schäfer, Leon Meyer",4a,Ja,Ja,Ja,Ja,Nein
1037,50037,5,Schäfer,Pia,,10.02.2016,Beispielstadt,D,w,ev,EV,D,,Musterstraße,38,77654,Beispielstadt,,deutsch,2022,Schäfer,Elternteil A,w,Musterstraße,38,77654,Beispielstadt,,00000 000000,,0000 0000000,familie037@example.invalid,Schäfer,Elternteil B,m,Musterstraße,38,77654,Beispielstadt,,,,0000 0000000,familie037.b@example.invalid,5z,,,GS-01,,E,E,F,Nein,,"Simon Krause, Emma Schulz",4b,Ja,Ja,Ja,Ja,Ja
1038,50038,5,Krause,Simon,,11.03.2015,Beispielstadt,D,m,,KEIN,D,,Musterstraße,39,77654,Beispielstadt,,deutsch,2022,Krause,Elternteil A,w,Musterstraße,39,77654,Beispielstadt,,00000 000000,,0000 0000000,familie038@example.invalid,Krause,Elternteil B,m,Musterstraße,39,77654,Beispielstadt,,,,0000 0000000,familie038.b@example.invalid,5z,,,GS-02,,E,E,F,Ja,,"Greta Möller, Luca Koch",4c,Ja,Ja,Ja,Ja,Ja
1039,50039,5,Möller,Greta,,12.04.2016,Beispielstadt,D,w,rk,RK,D,,Musterstraße,40,77654,Beispielstadt,,deutsch,2022,Möller,Elternteil A,w,Musterstraße,40,77654,Beispielstadt,,00000 000000,,0000 0000000,familie039@example.invalid,Möller,Elternteil B,m,Musterstraße,40,77654,Beispielstadt,,,,0000 0000000,familie039.b@example.invalid,5x,,,GS-03,,E,E,L,Nein,,"Erik Richter, Lea Klein",4d,Ja,Ja,Ja,Ja,Nein
1040,50040,5,Richter,Erik,Erik,13.05.2015,Beispielstadt,D,m,ev,EV,D,,Musterstraße,41,77654,Beispielstadt,,deutsch,2022,Richter,Elternteil A,w,Musterstraße,41,77654,Beispielstadt,,00000 000000,,0000 0000000,familie040@example.invalid,Richter,Elternteil B,m,Musterstraße,41,77654,Beispielstadt,,,,0000 0000000,familie040.b@example.invalid,5z,,,GS-04,,E,E,F,Ja,,"Lily Schmid, Ben Neumann",4a,Ja,Ja,Nein,Ja,Ja
1041,50041,5,Schmid,Lily,,14.06.2016,Beispielstadt,D,w,,KEIN,D,,Musterstraße,42,77654,Beispielstadt,,deutsch,2022,Schmid,Elternteil A,w,Musterstraße,42,77654,Beispielstadt,,00000 000000,,0000 0000000,familie041@example.invalid,Schmid,Elternteil B,m,Musterstraße,42,77654,Beispielstadt,,,,0000 0000000,familie041.b@example.invalid,5z,,,GS-05,,E,E,F,Nein,,"Jakob Hahn, Lina Braun",4b,Ja,Ja,Ja,Ja,Ja
1042,50042,5,Hahn,Jakob,,15.07.2015,Beispielstadt,D,m,rk,RK,D,,Musterstraße,43,77654,Beispielstadt,,deutsch,2022,Hahn,Elternteil A,w,Musterstraße,43,77654,Beispielstadt,,00000 000000,,0000 0000000,familie042@example.invalid,Hahn,Elternteil B,m,Musterstraße,43,77654,Beispielstadt,,,,0000 0000000,familie042.b@example.invalid,5y,,,GS-00,,E,E,L,Ja,,"Mara Schröder, Max Hartmann",4c,Ja,Ja,Ja,Ja,Nein
1043,50043,5,Schröder,Mara,,16.08.2016,Beispielstadt,D,w,ev,EV,D,,Musterstraße,44,77654,Beispielstadt,,deutsch,2022,Schröder,Elternteil A,w,Musterstraße,44,77654,Beispielstadt,,00000 000000,,0000 0000000,familie043@example.invalid,Schröder,Elternteil B,m,Musterstraße,44,77654,Beispielstadt,,,,0000 0000000,familie043.b@example.invalid,5z,,,GS-01,,E,E,F,Nein,,,4d,Ja,Ja,Ja,Ja,Ja
1044,50044,5,Köhler,Anton,Anton,17.09.2015,Beispielstadt,D,m,,KEIN,D,,Musterstraße,45,77654,Beispielstadt,,deutsch,2022,Köhler,Elternteil A,w,Musterstraße,45,77654,Beispielstadt,,00000 000000,,0000 0000000,familie044@example.invalid,Köhler,Elternteil B,m,Musterstraße,45,77654,Beispielstadt,,,,0000 0000000,familie044.b@example.invalid,5z,,,GS-02,,E,E,F,Ja,,"Nora Schneider, Lukas Lehmann",4a,Ja,Ja,Ja,Ja,Ja
1045,50045,5,Schneider,Nora,,18.10.2016,Beispielstadt,D,w,rk,RK,D,,Musterstraße,46,77654,Beispielstadt,,deutsch,2022,Schneider,Elternteil A,w,Musterstraße,46,77654,Beispielstadt,,00000 000000,,0000 0000000,familie045@example.invalid,Schneider,Elternteil B,m,Musterstraße,46,77654,Beispielstadt,,,,0000 0000000,familie045.b@example.invalid,5z,,,GS-03,,E,E,L,Nein,,"Emil Zimmermann, Sarah Maier",4b,Ja,Ja,Nein,Ja,Nein
1046,50046,5,Zimmermann,Emil,,19.11.2015,Beispielstadt,D,m,ev,EV,D,,Musterstraße,47,77654,Beispielstadt,,deutsch,2022,Zimmermann,Elternteil A,w,Musterstraße,47,77654,Beispielstadt,,00000 000000,,0000 0000000,familie046@example.invalid,Zimmermann,Elternteil B,m,Musterstraße,47,77654,Beispielstadt,,,,0000 0000000,familie046.b@example.invalid,5z,,,GS-04,,E,E,F,Ja,,"Zoe Walter, Moritz König",4c,Ja,Ja,Ja,Ja,Ja
1047,50047,5,Walter,Zoe,,20.12.2016,Beispielstadt,D,w,,KEIN,D,,Musterstraße,48,77654,Beispielstadt,,deutsch,2022,Walter,Elternteil A,w,Musterstraße,48,77654,Beispielstadt,,00000 000000,,0000 0000000,familie047@example.invalid,Walter,Elternteil B,m,Musterstraße,48,77654,Beispielstadt,,,,0000 0000000,familie047.b@example.invalid,5z,,,GS-05,,E,E,F,Nein,,"Leon Meyer, Maja Huber",4d,Ja,Ja,Ja,Ja,Ja
1048,50048,5,Meyer,Leon,Leon,21.01.2015,Beispielstadt,D,m,rk,RK,D,,Musterstraße,49,77654,Beispielstadt,,deutsch,2022,Meyer,Elternteil A,w,Musterstraße,49,77654,Beispielstadt,,00000 000000,,0000 0000000,familie048@example.invalid,Meyer,Elternteil B,m,Musterstraße,49,77654,Beispielstadt,,,,0000 0000000,familie048.b@example.invalid,5x,,,GS-00,,E,E,L,Ja,,"Mia Hofmann, Philipp Peters",4a,Ja,Ja,Ja,Ja,Nein
1049,50049,5,Hofmann,Mia,,22.02.2016,Beispielstadt,D,w,ev,EV,D,,Musterstraße,50,77654,Beispielstadt,,deutsch,2022,Hofmann,Elternteil A,w,Musterstraße,50,77654,Beispielstadt,,00000 000000,,0000 0000000,familie049@example.invalid,Hofmann,Elternteil B,m,Musterstraße,50,77654,Beispielstadt,,,,0000 0000000,familie049.b@example.invalid,5y,,,GS-01,,E,E,F,Nein,,"Paul Kaiser, Greta Möller",4b,Ja,Ja,Ja,Ja,Ja
1050,50050,5,Kaiser,Paul,,23.03.2015,Beispielstadt,D,m,,KEIN,D,,Musterstraße,51,77654,Beispielstadt,,deutsch,2022,Kaiser,Elternteil A,w,Musterstraße,51,77654,Beispielstadt,,00000 000000,,0000 0000000,familie050@example.invalid,Kaiser,Elternteil B,m,Musterstraße,51,77654,Beispielstadt,,,,0000 0000000,familie050.b@example.invalid,5z,,,GS-02,,E,E,F,Ja,,"Emma Schulz, Jakob Hahn",4c,Ja,Ja,Nein,Ja,Ja
1051,50051,5,Schulz,Emma,,24.04.2016,Beispielstadt,D,w,rk,RK,D,,Musterstraße,52,77654,Beispielstadt,,deutsch,2022,Schulz,Elternteil A,w,Musterstraße,52,77654,Beispielstadt,,00000 000000,,0000 0000000,familie051@example.invalid,Schulz,Elternteil B,m,Musterstraße,52,77654,Beispielstadt,,,,0000 0000000,familie051.b@example.invalid,5z,,,GS-03,,E,E,L,Nein,,"Finn Schmitt, Nora Schneider",4d,Ja,Ja,Ja,Ja,Nein
1052,50052,5,Schmitt,Finn,Finn,25.05.2015,Beispielstadt,D,m,ev,EV,D,,Musterstraße,53,77654,Beispielstadt,,deutsch,2022,Schmitt,Elternteil A,w,Musterstraße,53,77654,Beispielstadt,,00000 000000,,0000 0000000,familie052@example.invalid,Schmitt,Elternteil B,m,Musterstraße,53,77654,Beispielstadt,,,,0000 0000000,familie052.b@example.invalid,5z,,,GS-04,,E,E,F,Ja,,"Hanna Lang, Leon Meyer",4a,Ja,Ja,Ja,Ja,Ja
1053,50053,5,Lang,Hanna,,26.06.2016,Beispielstadt,D,w,,KEIN,D,,Musterstraße,54,77654,Beispielstadt,,deutsch,2022,Lang,Elternteil A,w,Musterstraße,54,77654,Beispielstadt,,00000 000000,,0000 0000000,familie053@example.invalid,Lang,Elternteil B,m,Musterstraße,54,77654,Beispielstadt,,,,0000 0000000,familie053.b@example.invalid,5z,,,GS-05,,E,E,F,Nein,,,4b,Ja,Ja,Ja,Ja,Ja
1054,50054,5,Koch,Luca,,27.07.2015,Beispielstadt,D,m,rk,RK,D,,Musterstraße,55,77654,Beispielstadt,,deutsch,2022,Koch,Elternteil A,w,Musterstraße,55,77654,Beispielstadt,,00000 000000,,0000 0000000,familie054@example.invalid,Koch,Elternteil B,m,Musterstraße,55,77654,Beispielstadt,,,,0000 0000000,familie054.b@example.invalid,5z,,,GS-00,,E,E,L,Ja,,"Lena Meier, Luca Koch",4c,Ja,Ja,Ja,Ja,Nein
1055,50055,5,Meier,Lena,,28.08.2016,Beispielstadt,D,w,ev,EV,D,,Musterstraße,56,77654,Beispielstadt,,deutsch,2022,Meier,Elternteil A,w,Musterstraße,56,77654,Beispielstadt,,00000 000000,,0000 0000000,familie055@example.invalid,Meier,Elternteil B,m,Musterstraße,56,77654,Beispielstadt,,,,0000 0000000,familie055.b@example.invalid,5z,,,GS-01,,E,E,F,Nein,,"Noah Weiß, Lea Klein",4d,Ja,Ja,Nein,Ja,Ja
1056,50056,5,Weiß,Noah,Noah,01.09.2015,Beispielstadt,D,m,,KEIN,D,,Musterstraße,57,77654,Beispielstadt,,deutsch,2022,Weiß,Elternteil A,w,Musterstraße,57,77654,Beispielstadt,,00000 000000,,0000 0000000,familie056@example.invalid,Weiß,Elternteil B,m,Musterstraße,57,77654,Beispielstadt,,,,0000 0000000,familie056.b@example.invalid,5y,,,GS-02,,E,E,F,Ja,,"Lea Klein, Ben Neumann",4a,Ja,Ja,Ja,Ja,Ja
1057,50057,5,Klein,Lea,,02.10.2016,Beispielstadt,D,w,rk,RK,D,,Musterstraße,58,77654,Beispielstadt,,deutsch,2022,Klein,Elternteil A,w,Musterstraße,58,77654,Beispielstadt,,00000 000000,,0000 0000000,familie057@example.invalid,Klein,Elternteil B,m,Musterstraße,58,77654,Beispielstadt,,,,0000 0000000,familie057.b@example.invalid,5x,,,GS-03,,E,E,L,Nein,,"Elias Schulze, Lina Braun",4b,Ja,Ja,Ja,Ja,Nein
1058,50058,5,Schulze,Elias,,03.11.2015,Beispielstadt,D,m,ev,EV,D,,Musterstraße,59,77654,Beispielstadt,,deutsch,2022,Schulze,Elternteil A,w,Musterstraße,59,77654,Beispielstadt,,00000 000000,,0000 0000000,familie058@example.invalid,Schulze,Elternteil B,m,Musterstraße,59,77654,Beispielstadt,,,,0000 0000000,familie058.b@example.invalid,5z,,,GS-04,,E,E,F,Ja,,"Marie Müller, Max Hartmann",4c,Ja,Ja,Ja,Ja,Ja
1059,50059,5,Müller,Marie,,04.12.2016,Beispielstadt,D,w,,KEIN,D,,Musterstraße,60,77654,Beispielstadt,,deutsch,2022,Müller,Elternteil A,w,Musterstraße,60,77654,Beispielstadt,,00000 000000,,0000 0000000,familie059@example.invalid,Müller,Elternteil B,m,Musterstraße,60,77654,Beispielstadt,,,,0000 0000000,familie059.b@example.invalid,5z,,,GS-05,,E,E,F,Nein,,"Ben Neumann, Anna Werner",4d,Ja,Ja,Ja,Ja,Ja
1060,50060,5,Neumann,Ben,Ben,05.01.2015,Beispielstadt,D,m,rk,RK,D,,Musterstraße,61,77654,Beispielstadt,,deutsch,2022,Neumann,Elternteil A,w,Musterstraße,61,77654,Beispielstadt,,00000 000000,,0000 0000000,familie060@example.invalid,Neumann,Elternteil B,m,Musterstraße,61,77654,Beispielstadt,,,,0000 0000000,familie060.b@example.invalid,5z,,,GS-00,,E,E,L,Ja,,"Sophie Herrmann, Lukas Lehmann",4a,Ja,Ja,Nein,Ja,Nein
1061,50061,5,Herrmann,Sophie,,06.02.2016,Beispielstadt,D,w,ev,EV,D,,Musterstraße,62,77654,Beispielstadt,,deutsch,2022,Herrmann,Elternteil A,w,Musterstraße,62,77654,Beispielstadt,,00000 000000,,0000 0000000,familie061@example.invalid,Herrmann,Elternteil B,m,Musterstraße,62,77654,Beispielstadt,,,,0000 0000000,familie061.b@example.invalid,5z,,,GS-01,,E,E,F,Nein,,"Jonas Fischer, Sarah Maier",4b,Ja,Ja,Ja,Ja,Ja
1062,50062,5,Fischer,Jonas,,07.03.2015,Beispielstadt,D,m,,KEIN,D,,Musterstraße,63,77654,Beispielstadt,,deutsch,2022,Fischer,Elternteil A,w,Musterstraße,63,77654,Beispielstadt,,00000 000000,,0000 0000000,familie062@example.invalid,Fischer,Elternteil B,m,Musterstraße,63,77654,Beispielstadt,,,,0000 0000000,familie062.b@example.invalid,5z,,,GS-02,,E,E,F,Ja,,"Lina Braun, Moritz König",4c,Ja,Ja,Ja,Ja,Ja
1063,50063,5,Braun,Lina,,08.04.2016,Beispielstadt,D,w,rk,RK,D,,Musterstraße,64,77654,Beispielstadt,,deutsch,2022,Braun,Elternteil A,w,Musterstraße,64,77654,Beispielstadt,,00000 000000,,0000 0000000,familie063@example.invalid,Braun,Elternteil B,m,Musterstraße,64,77654,Beispielstadt,,,,0000 0000000,familie063.b@example.invalid,5y,,,GS-03,,E,E,L,Nein,,,4d,Ja,Ja,Ja,Ja,Nein
1064,50064,5,Mayer,Felix,Felix,09.05.2015,Beispielstadt,D,m,ev,EV,D,,Musterstraße,65,77654,Beispielstadt,,deutsch,2022,Mayer,Elternteil A,w,Musterstraße,65,77654,Beispielstadt,,00000 000000,,0000 0000000,familie064@example.invalid,Mayer,Elternteil B,m,Musterstraße,65,77654,Beispielstadt,,,,0000 0000000,familie064.b@example.invalid,5z,,,GS-04,,E,E,F,Ja,,"Clara Wagner, Philipp Peters",4a,Ja,Ja,Ja,Ja,Ja
1065,50065,5,Wagner,Clara,,10.06.2016,Beispielstadt,D,w,,KEIN,D,,Musterstraße,66,77654,Beispielstadt,,deutsch,2022,Wagner,Elternteil A,w,Musterstraße,66,77654,Beispielstadt,,00000 000000,,0000 0000000,familie065@example.invalid,Wagner,Elternteil B,m,Musterstraße,66,77654,Beispielstadt,,,,0000 0000000,familie065.b@example.invalid,5z,,,GS-05,,E,E,F,Nein,,"Max Hartmann, Greta Möller",4b,Ja,Ja,Nein,Ja,Ja
1066,50066,5,Hartmann,Max,,11.07.2015,Beispielstadt,D,m,rk,RK,D,,Musterstraße,67,77654,Beispielstadt,,deutsch,2022,Hartmann,Elternteil A,w,Musterstraße,67,77654,Beispielstadt,,00000 000000,,0000 0000000,familie066@example.invalid,Hartmann,Elternteil B,m,Musterstraße,67,77654,Beispielstadt,,,,0000 0000000,familie066.b@example.invalid,5x,,,GS-00,,E,E,L,Ja,,"Laura Fuchs, Jakob Hahn",4c,Ja,Ja,Ja,Ja,Nein
1067,50067,5,Fuchs,Laura,,12.08.2016,Beispielstadt,D,w,ev,EV,D,,Musterstraße,68,77654,Beispielstadt,,deutsch,2022,Fuchs,Elternteil A,w,Musterstraße,68,77654,Beispielstadt,,00000 000000,,0000 0000000,familie067@example.invalid,Fuchs,Elternteil B,m,Musterstraße,68,77654,Beispielstadt,,,,0000 0000000,familie067.b@example.invalid,5z,,,GS-01,,E,E,F,Nein,,"Tim Hoffmann, Nora Schneider",4d,Ja,Ja,Ja,Ja,Ja
1068,50068,5,Hoffmann,Tim,Tim,13.09.2015,Beispielstadt,D,m,,KEIN,D,,Musterstraße,69,77654,Beispielstadt,,deutsch,2022,Hoffmann,Elternteil A,w,Musterstraße,69,77654,Beispielstadt,,00000 000000,,0000 0000000,familie068@example.invalid,Hoffmann,Elternteil B,m,Musterstraße,69,77654,Beispielstadt,,,,0000 0000000,familie068.b@example.invalid,5z,,,GS-02,,E,E,F,Ja,,"Anna Werner, Leon Meyer",4a,Ja,Ja,Ja,Ja,Ja
1069,50069,5,Werner,Anna,,14.10.2016,Beispielstadt,D,w,rk,RK,D,,Musterstraße,70,77654,Beispielstadt,,deutsch,2022,Werner,Elternteil A,w,Musterstraße,70,77654,Beispielstadt,,00000 000000,,0000 0000000,familie069@example.invalid,Werner,Elternteil B,m,Musterstraße,70,77654,Beispielstadt,,,,0000 0000000,familie069.b@example.invalid,5z,,,GS-03,,E,E,L,Nein,,"Niklas Scholz, Emma Schulz",4b,Ja,Ja,Ja,Ja,Nein
1070,50070,5,Scholz,Niklas,,15.11.2015,Beispielstadt,D,m,ev,EV,D,,Musterstraße,71,77654,Beispielstadt,,deutsch,2022,Scholz,Elternteil A,w,Musterstraße,71,77654,Beispielstadt,,00000 000000,,0000 0000000,familie070@example.invalid,Scholz,Elternteil B,m,Musterstraße,71,77654,Beispielstadt,,,,0000 0000000,familie070.b@example.invalid,5y,,,GS-04,,E,E,F,Ja,,"Emily Bauer, Luca Koch",4c,Ja,Ja,Nein,Ja,Ja
1071,50071,5,Bauer,Emily,,16.12.2016,Beispielstadt,D,w,,KEIN,D,,Musterstraße,72,77654,Beispielstadt,,deutsch,2022,Bauer,Elternteil A,w,Musterstraße,72,77654,Beispielstadt,,00000 000000,,0000 0000000,familie071@example.invalid,Bauer,Elternteil B,m,Musterstraße,72,77654,Beispielstadt,,,,0000 0000000,familie071.b@example.invalid,5z,,,GS-05,,E,E,F,Nein,,"Lukas Lehmann, Lea Klein",4d,Ja,Ja,Ja,Ja,Ja
1072,50072,5,Lehmann,Lukas,Lukas,17.01.2015,Beispielstadt,D,m,rk,RK,D,,Musterstraße,73,77654,Beispielstadt,,deutsch,2022,Lehmann,Elternteil A,w,Musterstraße,73,77654,Beispielstadt,,00000 000000,,0000 0000000,familie072@example.invalid,Lehmann,Elternteil B,m,Musterstraße,73,77654,Beispielstadt,,,,0000 0000000,familie072.b@example.invalid,5z,,,GS-00,,E,E,L,Ja,,"Nele Jung, Ben Neumann",4a,Ja,Ja,Ja,Ja,Nein
1073,50073,5,Jung,Nele,,18.02.2016,Beispielstadt,D,w,ev,EV,D,,Musterstraße,74,77654,Beispielstadt,,deutsch,2022,Jung,Elternteil A,w,Musterstraße,74,77654,Beispielstadt,,00000 000000,,0000 0000000,familie073@example.invalid,Jung,Elternteil B,m,Musterstraße,74,77654,Beispielstadt,,,,0000 0000000,familie073.b@example.invalid,5z,,,GS-01,,E,E,F,Nein,,,4b,Ja,Ja,Ja,Ja,Ja
1074,50074,5,Wolf,Jan,,19.03.2015,Beispielstadt,D,m,,KEIN,D,,Musterstraße,75,77654,Beispielstadt,,deutsch,2022,Wolf,Elternteil A,w,Musterstraße,75,77654,Beispielstadt,,00000 000000,,0000 0000000,familie074@example.invalid,Wolf,Elternteil B,m,Musterstraße,75,77654,Beispielstadt,,,,0000 0000000,familie074.b@example.invalid,5z,,,GS-02,,E,E,F,Ja,,"Saarah Maier, Max Hartmann",4c,Ja,Ja,Ja,Ja,Ja
1075,50075,5,Maier,Sarah,,20.04.2016,Beispielstadt,D,w,rk,RK,D,,Musterstraße,76,77654,Beispielstadt,,deutsch,2022,Maier,Elternteil A,w,Musterstraße,76,77654,Beispielstadt,,00000 000000,,0000 0000000,familie075@example.invalid,Maier,Elternteil B,m,Musterstraße,76,77654,Beispielstadt,,,,0000 0000000,familie075.b@example.invalid,5x,,,GS-03,,E,E,L,Nein,,"David Schmidt, Paul Kaiser",4d,Ja,Ja,Nein,Ja,Nein
1076,50076,5,Schmidt,David,David,21.05.2015,Beispielstadt,D,m,ev,EV,D,,Musterstraße,77,77654,Beispielstadt,,deutsch,2022,Schmidt,Elternteil A,w,Musterstraße,77,77654,Beispielstadt,,00000 000000,,0000 0000000,familie076@example.invalid,Schmidt,Elternteil B,m,Musterstraße,77,77654,Beispielstadt,,,,0000 0000000,familie076.b@example.invalid,5z,,,GS-04,,E,E,F,Ja,,"Johanna Schwarz, Hanna Lang",4a,Ja,Ja,Ja,Ja,Ja
1077,50077,5,Schwarz,Johanna,,22.06.2016,Beispielstadt,D,w,,KEIN,D,,Musterstraße,78,77654,Beispielstadt,,deutsch,2022,Schwarz,Elternteil A,w,Musterstraße,78,77654,Beispielstadt,,00000 000000,,0000 0000000,familie077@example.invalid,Schwarz,Elternteil B,m,Musterstraße,78,77654,Beispielstadt,,,,0000 0000000,familie077.b@example.invalid,5y,,,GS-05,,E,E,F,Nein,,"Moritz König, Noah Weiß",4b,Ja,Ja,Ja,Ja,Ja
1078,50078,5,König,Moritz,,23.07.2015,Beispielstadt,D,m,rk,RK,D,,Musterstraße,79,77654,Beispielstadt,,deutsch,2022,König,Elternteil A,w,Musterstraße,79,77654,Beispielstadt,,00000 000000,,0000 0000000,familie078@example.invalid,König,Elternteil B,m,Musterstraße,79,77654,Beispielstadt,,,,0000 0000000,familie078.b@example.invalid,5z,,,GS-00,,E,E,L,Ja,,"Ida Weber, Marie Müller",4c,Ja,Ja,Ja,Ja,Nein
1079,50079,5,Weber,Ida,,24.08.2016,Beispielstadt,D,w,ev,EV,D,,Musterstraße,80,77654,Beispielstadt,,deutsch,2022,Weber,Elternteil A,w,Musterstraße,80,77654,Beispielstadt,,00000 000000,,0000 0000000,familie079@example.invalid,Weber,Elternteil B,m,Musterstraße,80,77654,Beispielstadt,,,,0000 0000000,familie079.b@example.invalid,5z,,,GS-01,,E,E,F,Nein,,"Julian Krüger, Jonas Fischer",4d,Ja,Ja,Ja,Ja,Ja
1080,50080,5,Krüger,Julian,Julian,25.09.2015,Beispielstadt,D,m,,KEIN,D,,Musterstraße,1,77654,Beispielstadt,,deutsch,2022,Krüger,Elternteil A,w,Musterstraße,1,77654,Beispielstadt,,00000 000000,,0000 0000000,familie080@example.invalid,Krüger,Elternteil B,m,Musterstraße,1,77654,Beispielstadt,,,,0000 0000000,familie080.b@example.invalid,5z,,,GS-02,,E,E,F,Ja,,"Maja Huber, Clara Wagner",4a,Ja,Ja,Nein,Ja,Ja
1081,50081,5,Huber,Maja,,26.10.2016,Beispielstadt,D,w,rk,RK,D,,Musterstraße,2,77654,Beispielstadt,,deutsch,2022,Huber,Elternteil A,w,Musterstraße,2,77654,Beispielstadt,,00000 000000,,0000 0000000,familie081@example.invalid,Huber,Elternteil B,m,Musterstraße,2,77654,Beispielstadt,,,,0000 0000000,familie081.b@example.invalid,5z,,,GS-03,,E,E,L,Nein,,"Tom Becker, Tim Hoffmann",4b,Ja,Ja,Ja,Ja,Nein
1082,50082,5,Becker,Tom,,27.11.2015,Beispielstadt,D,m,ev,EV,D,,Musterstraße,3,77654,Beispielstadt,,deutsch,2022,Becker,Elternteil A,w,Musterstraße,3,77654,Beispielstadt,,00000 000000,,0000 0000000,familie082@example.invalid,Becker,Elternteil B,m,Musterstraße,3,77654,Beispielstadt,,,,0000 0000000,familie082.b@example.invalid,5z,,,GS-04,,E,E,F,Ja,,"Frieda Lange, Emily Bauer",4c,Ja,Ja,Ja,Ja,Ja
1083,50083,5,Lange,Frieda,,28.12.2016,Beispielstadt,D,w,,KEIN,D,,Musterstraße,4,77654,Beispielstadt,,deutsch,2022,Lange,Elternteil A,w,Musterstraße,4,77654,Beispielstadt,,00000 000000,,0000 0000000,familie083@example.invalid,Lange,Elternteil B,m,Musterstraße,4,77654,Beispielstadt,,,,0000 0000000,familie083.b@example.invalid,5z,,,GS-05,,E,E,F,Nein,,,4d,Ja,Ja,Ja,Ja,Ja
1084,50084,5,Peters,Philipp,Philipp,01.01.2015,Beispielstadt,D,m,rk,RK,D,,Musterstraße,5,77654,Beispielstadt,,deutsch,2022,Peters,Elternteil A,w,Musterstraße,5,77654,Beispielstadt,,00000 000000,,0000 0000000,familie084@example.invalid,Peters,Elternteil B,m,Musterstraße,5,77654,Beispielstadt,,,,0000 0000000,familie084.b@example.invalid,5y,,,GS-00,,E,E,L,Ja,,"Pia Schäfer, Johanna Schwarz",4a,Ja,Ja,Ja,Ja,Nein
1085,50085,5,Schäfer,Pia,,02.02.2016,Beispielstadt,D,w,ev,EV,D,,Musterstraße,6,77654,Beispielstadt,,deutsch,2022,Schäfer,Elternteil A,w,Musterstraße,6,77654,Beispielstadt,,00000 000000,,0000 0000000,familie085@example.invalid,Schäfer,Elternteil B,m,Musterstraße,6,77654,Beispielstadt,,,,0000 0000000,familie085.b@example.invalid,5z,,,GS-01,,E,E,F,Nein,,"Simon Krause, Julian Krüger",4b,Ja,Ja,Nein,Ja,Ja
1086,50086,5,Krause,Simon,,03.03.2015,Beispielstadt,D,m,,KEIN,D,,Musterstraße,7,77654,Beispielstadt,,deutsch,2022,Krause,Elternteil A,w,Musterstraße,7,77654,Beispielstadt,,00000 000000,,0000 0000000,familie086@example.invalid,Krause,Elternteil B,m,Musterstraße,7,77654,Beispielstadt,,,,0000 0000000,familie086.b@example.invalid,5z,,,GS-02,,E,E,F,Ja,,"Greta Möller, Frieda Lange",4c,Ja,Ja,Ja,Ja,Ja
1087,50087,5,Möller,Greta,,04.04.2016,Beispielstadt,D,w,rk,RK,D,,Musterstraße,8,77654,Beispielstadt,,deutsch,2022,Möller,Elternteil A,w,Musterstraße,8,77654,Beispielstadt,,00000 000000,,0000 0000000,familie087@example.invalid,Möller,Elternteil B,m,Musterstraße,8,77654,Beispielstadt,,,,0000 0000000,familie087.b@example.invalid,5z,,,GS-03,,E,E,L,Nein,,"Erik Richter, Simon Krause",4d,Ja,Ja,Ja,Ja,Nein
1088,50088,5,Richter,Erik,Erik,05.05.2015,Beispielstadt,D,m,ev,EV,D,,Musterstraße,9,77654,Beispielstadt,,deutsch,2022,Richter,Elternteil A,w,Musterstraße,9,77654,Beispielstadt,,00000 000000,,0000 0000000,familie088@example.invalid,Richter,Elternteil B,m,Musterstraße,9,77654,Beispielstadt,,,,0000 0000000,familie088.b@example.invalid,5z,,,GS-04,,E,E,F,Ja,,"Lily Schmid, Lily Schmid",4a,Ja,Ja,Ja,Ja,Ja
1089,50089,5,Schmid,Lily,,06.06.2016,Beispielstadt,D,w,,KEIN,D,,Musterstraße,10,77654,Beispielstadt,,deutsch,2022,Schmid,Elternteil A,w,Musterstraße,10,77654,Beispielstadt,,00000 000000,,0000 0000000,familie089@example.invalid,Schmid,Elternteil B,m,Musterstraße,10,77654,Beispielstadt,,,,0000 0000000,familie089.b@example.invalid,5z,,,GS-05,,E,E,F,Nein,,"Jakob Hahn, Anton Köhler",4b,Ja,Ja,Ja,Ja,Ja
1090,50090,5,Hahn,Jakob,,07.07.2015,Beispielstadt,D,m,rk,RK,D,,Musterstraße,11,77654,Beispielstadt,,deutsch,2022,Hahn,Elternteil A,w,Musterstraße,11,77654,Beispielstadt,,00000 000000,,0000 0000000,familie090@example.invalid,Hahn,Elternteil B,m,Musterstraße,11,77654,Beispielstadt,,,,0000 0000000,familie090.b@example.invalid,5z,,,GS-00,,E,E,L,Ja,,"Mara Schröder, Zoe Walter",4c,Ja,Ja,Nein,Ja,Nein
1091,50091,5,Schröder,Mara,,08.08.2016,Beispielstadt,D,w,ev,EV,D,,Musterstraße,12,77654,Beispielstadt,,deutsch,2022,Schröder,Elternteil A,w,Musterstraße,12,77654,Beispielstadt,,00000 000000,,0000 0000000,familie091@example.invalid,Schröder,Elternteil B,m,Musterstraße,12,77654,Beispielstadt,,,,0000 0000000,familie091.b@example.invalid,5y,,,GS-01,,E,E,F,Nein,,"Anton Köhler, Paul Kaiser",4d,Ja,Ja,Ja,Ja,Ja
1092,50092,5,Köhler,Anton,Anton,09.09.2015,Beispielstadt,D,m,,KEIN,D,,Musterstraße,13,77654,Beispielstadt,,deutsch,2022,Köhler,Elternteil A,w,Musterstraße,13,77654,Beispielstadt,,00000 000000,,0000 0000000,familie092@example.invalid,Köhler,Elternteil B,m,Musterstraße,13,77654,Beispielstadt,,,,0000 0000000,familie092.b@example.invalid,5z,,,GS-02,,E,E,F,Ja,,"Nora Schneider, Hanna Lang",4a,Ja,Ja,Ja,Ja,Ja
1093,50093,5,Schneider,Nora,,10.10.2016,Beispielstadt,D,w,rk,RK,D,,Musterstraße,14,77654,Beispielstadt,,deutsch,2022,Schneider,Elternteil A,w,Musterstraße,14,77654,Beispielstadt,,00000 000000,,0000 0000000,familie093@example.invalid,Schneider,Elternteil B,m,Musterstraße,14,77654,Beispielstadt,,,,0000 0000000,familie093.b@example.invalid,5x,,,GS-03,,E,E,L,Nein,,,4b,Ja,Ja,Ja,Ja,Nein
1094,50094,5,Zimmermann,Emil,,11.11.2015,Beispielstadt,D,m,ev,EV,D,,Musterstraße,15,77654,Beispielstadt,,deutsch,2022,Zimmermann,Elternteil A,w,Musterstraße,15,77654,Beispielstadt,,00000 000000,,0000 0000000,familie094@example.invalid,Zimmermann,Elternteil B,m,Musterstraße,15,77654,Beispielstadt,,,,0000 0000000,familie094.b@example.invalid,5z,,,GS-04,,E,E,F,Ja,,"Zoe Walter, Marie Müller",4c,Ja,Ja,Ja,Ja,Ja
1095,50095,5,Walter,Zoe,,12.12.2016,Beispielstadt,D,w,,KEIN,D,,Musterstraße,16,77654,Beispielstadt,,deutsch,2022,Walter,Elternteil A,w,Musterstraße,16,77654,Beispielstadt,,00000 000000,,0000 0000000,familie095@example.invalid,Walter,Elternteil B,m,Musterstraße,16,77654,Beispielstadt,,,,0000 0000000,familie095.b@example.invalid,5z,,,GS-05,,E,E,F,Nein,,"Leon Meyer, Jonas Fischer",4d,Ja,Ja,Nein,Ja,Ja
1096,50096,5,Meyer,Leon,Leon,13.01.2015,Beispielstadt,D,m,rk,RK,D,,Musterstraße,17,77654,Beispielstadt,,deutsch,2022,Meyer,Elternteil A,w,Musterstraße,17,77654,Beispielstadt,,00000 000000,,0000 0000000,familie096@example.invalid,Meyer,Elternteil B,m,Musterstraße,17,77654,Beispielstadt,,,,0000 0000000,familie096.b@example.invalid,5z,,,GS-00,,E,E,L,Ja,,"Mia Hofmann, Clara Wagner",4a,Ja,Ja,Ja,Ja,Nein
1097,50097,5,Hofmann,Mia,,14.02.2016,Beispielstadt,D,w,ev,EV,D,,Musterstraße,18,77654,Beispielstadt,,deutsch,2022,Hofmann,Elternteil A,w,Musterstraße,18,77654,Beispielstadt,,00000 000000,,0000 0000000,familie097@example.invalid,Hofmann,Elternteil B,m,Musterstraße,18,77654,Beispielstadt,,,,0000 0000000,familie097.b@example.invalid,5z,,,GS-01,,E,E,F,Nein,,"Paaul Kaiser, Tim Hoffmann",4b,Ja,Ja,Ja,Ja,Ja
1098,50098,5,Kaiser,Paul,,15.03.2015,Beispielstadt,D,m,,KEIN,D,,Musterstraße,19,77654,Beispielstadt,,deutsch,2022,Kaiser,Elternteil A,w,Musterstraße,19,77654,Beispielstadt,,00000 000000,,0000 0000000,familie098@example.invalid,Kaiser,Elternteil B,m,Musterstraße,19,77654,Beispielstadt,,,,0000 0000000,familie098.b@example.invalid,5y,,,GS-02,,E,E,F,Ja,,"Emma Schulz, Emily Bauer",4c,Ja,Ja,Ja,Ja,Ja
1099,50099,5,Schulz,Emma,,16.04.2016,Beispielstadt,D,w,rk,RK,D,,Musterstraße,20,77654,Beispielstadt,,deutsch,2022,Schulz,Elternteil A,w,Musterstraße,20,77654,Beispielstadt,,00000 000000,,0000 0000000,familie099@example.invalid,Schulz,Elternteil B,m,Musterstraße,20,77654,Beispielstadt,,,,0000 0000000,familie099.b@example.invalid,5z,,,GS-03,,E,E,L,Nein,,"Finn Schmitt, Jan Wolf",4d,Ja,Ja,Ja,Ja,Nein
1100,50100,5,Schmitt,Finn,Finn,17.05.2015,Beispielstadt,D,m,ev,EV,D,,Musterstraße,21,77654,Beispielstadt,,deutsch,2022,Schmitt,Elternteil A,w,Musterstraße,21,77654,Beispielstadt,,00000 000000,,0000 0000000,familie100@example.invalid,Schmitt,Elternteil B,m,Musterstraße,21,77654,Beispielstadt,,,,0000 0000000,familie100.b@example.invalid,5z,,,GS-04,,E,E,F,Ja,,"Hanna Lang, Johanna Schwarz",4a,Ja,Ja,Nein,Ja,Ja
1101,50101,5,Lang,Hanna,,18.06.2016,Beispielstadt,D,w,,KEIN,D,,Musterstraße,22,77654,Beispielstadt,,deutsch,2022,Lang,Elternteil A,w,Musterstraße,22,77654,Beispielstadt,,00000 000000,,0000 0000000,familie101@example.invalid,Lang,Elternteil B,m,Musterstraße,22,77654,Beispielstadt,,,,0000 0000000,familie101.b@example.invalid,5z,,,GS-05,,E,E,F,Nein,,"Luca Koch, Julian Krüger",4b,Ja,Ja,Ja,Ja,Ja
1102,50102,5,Koch,Luca,,19.07.2015,Beispielstadt,D,m,rk,RK,D,,Musterstraße,23,77654,Beispielstadt,,deutsch,2022,Koch,Elternteil A,w,Musterstraße,23,77654,Beispielstadt,,00000 000000,,0000 0000000,familie102@example.invalid,Koch,Elternteil B,m,Musterstraße,23,77654,Beispielstadt,,,,0000 0000000,familie102.b@example.invalid,5x,,,GS-00,,E,E,L,Ja,,"Lena Meier, Frieda Lange",4c,Ja,Ja,Ja,Ja,Nein
1103,50103,5,Meier,Lena,,20.08.2016,Beispielstadt,D,w,ev,EV,D,,Musterstraße,24,77654,Beispielstadt,,deutsch,2022,Meier,Elternteil A,w,Musterstraße,24,77654,Beispielstadt,,00000 000000,,0000 0000000,familie103@example.invalid,Meier,Elternteil B,m,Musterstraße,24,77654,Beispielstadt,,,,0000 0000000,familie103.b@example.invalid,5z,,,GS-01,,E,E,F,Nein,,,4d,Ja,Ja,Ja,Ja,Ja
1104,50104,5,Weiß,Noah,Noah,21.09.2015,Beispielstadt,D,m,,KEIN,D,,Musterstraße,25,77654,Beispielstadt,,deutsch,2022,Weiß,Elternteil A,w,Musterstraße,25,77654,Beispielstadt,,00000 000000,,0000 0000000,familie104@example.invalid,Weiß,Elternteil B,m,Musterstraße,25,77654,Beispielstadt,,,,0000 0000000,familie104.b@example.invalid,5z,,,GS-02,,E,E,F,Ja,,"Lea Klein, Lily Schmid",4a,Ja,Ja,Ja,Ja,Ja
1105,50105,5,Klein,Lea,,22.10.2016,Beispielstadt,D,w,rk,RK,D,,Musterstraße,26,77654,Beispielstadt,,deutsch,2022,Klein,Elternteil A,w,Musterstraße,26,77654,Beispielstadt,,00000 000000,,0000 0000000,familie105@example.invalid,Klein,Elternteil B,m,Musterstraße,26,77654,Beispielstadt,,,,0000 0000000,familie105.b@example.invalid,5y,,,GS-03,,E,E,L,Nein,,"Elias Schulze, Anton Köhler",4b,Ja,Ja,Nein,Ja,Nein
1106,50106,5,Schulze,Elias,,23.11.2015,Beispielstadt,D,m,ev,EV,D,,Musterstraße,27,77654,Beispielstadt,,deutsch,2022,Schulze,Elternteil A,w,Musterstraße,27,77654,Beispielstadt,,00000 000000,,0000 0000000,familie106@example.invalid,Schulze,Elternteil B,m,Musterstraße,27,77654,Beispielstadt,,,,0000 0000000,familie106.b@example.invalid,5z,,,GS-04,,E,E,F,Ja,,"Marie Müller, Zoe Walter",4c,Ja,Ja,Ja,Ja,Ja
1107,50107,5,Müller,Marie,,24.12.2016,Beispielstadt,D,w,,KEIN,D,,Musterstraße,28,77654,Beispielstadt,,deutsch,2022,Müller,Elternteil A,w,Musterstraße,28,77654,Beispielstadt,,00000 000000,,0000 0000000,familie107@example.invalid,Müller,Elternteil B,m,Musterstraße,28,77654,Beispielstadt,,,,0000 0000000,familie107.b@example.invalid,5z,,,GS-05,,E,E,F,Nein,,"Ben Neumann, Paul Kaiser",4d,Ja,Ja,Ja,Ja,Ja
1108,50108,5,Neumann,Ben,Ben,25.01.2015,Beispielstadt,D,m,rk,RK,D,,Musterstraße,29,77654,Beispielstadt,,deutsch,2022,Neumann,Elternteil A,w,Musterstraße,29,77654,Beispielstadt,,00000 000000,,0000 0000000,familie108@example.invalid,Neumann,Elternteil B,m,Musterstraße,29,77654,Beispielstadt,,,,0000 0000000,familie108.b@example.invalid,5z,,,GS-00,,E,E,L,Ja,,"Sophie Herrmann, Hanna Lang",4a,Ja,Ja,Ja,Ja,Nein
1109,50109,5,Herrmann,Sophie,,26.02.2016,Beispielstadt,D,w,ev,EV,D,,Musterstraße,30,77654,Beispielstadt,,deutsch,2022,Herrmann,Elternteil A,w,Musterstraße,30,77654,Beispielstadt,,00000 000000,,0000 0000000,familie109@example.invalid,Herrmann,Elternteil B,m,Musterstraße,30,77654,Beispielstadt,,,,0000 0000000,familie109.b@example.invalid,5z,,,GS-01,,E,E,F,Nein,,"Jonas Fischer, Noah Weiß",4b,Ja,Ja,Ja,Ja,Ja
1110,50110,5,Fischer,Jonas,,27.03.2015,Beispielstadt,D,m,,KEIN,D,,Musterstraße,31,77654,Beispielstadt,,deutsch,2022,Fischer,Elternteil A,w,Musterstraße,31,77654,Beispielstadt,,00000 000000,,0000 0000000,familie110@example.invalid,Fischer,Elternteil B,m,Musterstraße,31,77654,Beispielstadt,,,,0000 0000000,familie110.b@example.invalid,5z,,,GS-02,,E,E,F,Ja,,"Lina Braun, Marie Müller",4c,Ja,Ja,Nein,Ja,Ja
1111,50111,5,Braun,Lina,,28.04.2016,Beispielstadt,D,w,rk,RK,D,,Musterstraße,32,77654,Beispielstadt,,deutsch,2022,Braun,Elternteil A,w,Musterstraße,32,77654,Beispielstadt,,00000 000000,,0000 0000000,familie111@example.invalid,Braun,Elternteil B,m,Musterstraße,32,77654,Beispielstadt,,,,0000 0000000,familie111.b@example.invalid,5x,,,GS-03,,E,E,L,Nein,,"Felix Mayer, Jonas Fischer",4d,Ja,Ja,Ja,Ja,Nein
1112,50112,5,Mayer,Felix,Felix,01.05.2015,Beispielstadt,D,m,ev,EV,D,,Musterstraße,33,77654,Beispielstadt,,deutsch,2022,Mayer,Elternteil A,w,Musterstraße,33,77654,Beispielstadt,,00000 000000,,0000 0000000,familie112@example.invalid,Mayer,Elternteil B,m,Musterstraße,33,77654,Beispielstadt,,,,0000 0000000,familie112.b@example.invalid,5y,,,GS-04,,E,E,F,Ja,,"Clara Wagner, Clara Wagner",4a,Ja,Ja,Ja,Ja,Ja
1113,50113,5,Wagner,Clara,,02.06.2016,Beispielstadt,D,w,,KEIN,D,,Musterstraße,34,77654,Beispielstadt,,deutsch,2022,Wagner,Elternteil A,w,Musterstraße,34,77654,Beispielstadt,,00000 000000,,0000 0000000,familie113@example.invalid,Wagner,Elternteil B,m,Musterstraße,34,77654,Beispielstadt,,,,0000 0000000,familie113.b@example.invalid,5z,,,GS-05,,E,E,F,Nein,,,4b,Ja,Ja,Ja,Ja,Ja
1114,50114,5,Hartmann,Max,,03.07.2015,Beispielstadt,D,m,rk,RK,D,,Musterstraße,35,77654,Beispielstadt,,deutsch,2022,Hartmann,Elternteil A,w,Musterstraße,35,77654,Beispielstadt,,00000 000000,,0000 0000000,familie114@example.invalid,Hartmann,Elternteil B,m,Musterstraße,35,77654,Beispielstadt,,,,0000 0000000,familie114.b@example.invalid,5z,,,GS-00,,E,E,L,Ja,,"Leon Meyer, Finn Schmitt",4c,Ja,Ja,Ja,Ja,Nein
